state_abbrev,city,total_incidents,deaths,deaths_over_incidents,injured,injuries_over_incidents,total_casualties,casualties_over_incidents,armed_robbery,armed_robberies_over_incidents,gang_involvement,gang_incidents_over_incidents,home_invasion,home_invasions_over_incidents,domestic_violence,domestic_violence_incidents_over_incidents,road_rage,road_rage_incidents_over_incidents,mass_shooting,mass_shootings_over_incidents,teen_incidents,teen_incidents_over_incidents,drug_raid,drug_raids_over_incidents,suicide,suicides_over_incidents
CA,Compton,109,86,0.788990826,56,0.513761468,142,1.302752294,1,0,12,0,0,0,0,0,0,0,4,0,0,0,0,0,0,0
IL,Chicago (Englewood),542,139,0.256457565,548,1.011070111,687,1.267527675,13,0,70,0,3,0,7,0,0,0,8,0,35,0,0,0,0,0
FL,Miami Gardens,127,45,0.354330709,115,0.905511811,160,1.25984252,11,0,9,0,4,0,2,0,2,0,4,0,4,0,1,0,0,0
GA,Decatur,147,82,0.557823129,103,0.700680272,185,1.258503401,23,0,2,0,8,0,5,0,3,0,3,0,1,0,0,0,2,0
IL,Chicago (Chicago Lawn),67,16,0.23880597,68,1.014925373,84,1.253731343,1,0,10,0,1,0,1,0,0,0,0,0,7,0,0,0,1,0
CA,Vallejo,92,53,0.576086957,60,0.652173913,113,1.22826087,2,0,1,0,2,0,3,0,0,0,6,0,0,0,3,0,3,0
GA,Atlanta (College Park),55,36,0.654545455,31,0.563636364,67,1.218181818,5,0,1,0,2,0,5,0,0,0,0,0,1,0,0,0,0,0
IL,Chicago (Roseland),159,41,0.257861635,152,0.955974843,193,1.213836478,5,0,20,0,1,0,1,0,0,0,2,0,9,0,0,0,0,0
AL,Anniston,62,35,0.564516129,40,0.64516129,75,1.209677419,1,0,1,0,0,0,3,0,0,0,1,0,0,0,0,0,0,0
PA,Chester,171,62,0.362573099,144,0.842105263,206,1.204678363,5,0,2,0,3,0,3,0,1,0,5,0,1,0,4,0,0,0
GA,Dekalb County,52,28,0.538461538,34,0.653846154,62,1.192307692,10,0,0,0,4,0,2,0,0,0,1,0,0,0,0,0,1,0
SC,Walterboro,55,16,0.290909091,49,0.890909091,65,1.181818182,1,0,1,0,2,0,2,0,0,0,1,0,1,0,0,0,1,0
TX,Waco,91,39,0.428571429,68,0.747252747,107,1.175824176,9,0,3,0,5,0,5,0,0,0,1,0,0,0,3,0,4,0
KS,Kansas City,229,138,0.602620087,130,0.56768559,268,1.170305677,4,0,1,0,6,0,6,0,2,0,4,0,1,0,1,0,5,0
IL,Chicago,10814,2104,0.194562604,10427,0.964213057,12531,1.158775661,504,0,1386,0,64,0,139,0,20,0,104,0,801,0,27,0,34,0
AZ,Glendale,118,75,0.63559322,61,0.516949153,136,1.152542373,5,0,0,0,5,0,4,0,3,0,2,0,1,0,0,0,5,0
GA,Lawrenceville,54,32,0.592592593,30,0.555555556,62,1.148148148,6,0,1,0,4,0,7,0,0,0,0,0,0,0,1,0,6,0
TX,Fort Worth,418,223,0.533492823,256,0.612440191,479,1.145933014,53,0,13,0,18,0,39,0,3,0,7,0,2,0,1,0,16,0
TX,Arlington,146,78,0.534246575,88,0.602739726,166,1.136986301,19,0,1,0,9,0,12,0,6,0,1,0,2,0,2,0,7,0
GA,Stone Mountain,88,55,0.625,45,0.511363636,100,1.136363636,7,0,0,0,10,0,5,0,2,0,1,0,1,0,0,0,3,0
PA,Reading,61,28,0.459016393,41,0.672131148,69,1.131147541,2,0,0,0,1,0,1,0,2,0,2,0,1,0,2,0,0,0
CA,San Bernardino,281,144,0.512455516,172,0.612099644,316,1.12455516,15,0,27,0,4,0,7,0,2,0,5,0,0,0,10,0,3,0
CA,Los Angeles,1066,636,0.596622889,553,0.518761726,1189,1.115384615,35,0,98,0,21,0,21,0,11,0,25,0,2,0,3,0,19,0
AL,Selma,132,42,0.318181818,104,0.787878788,146,1.106060606,11,0,1,0,2,0,8,0,0,0,1,0,0,0,1,0,3,0
PA,Philadelphia,2929,890,0.303857972,2318,0.791396381,3208,1.095254353,203,0,6,0,116,0,42,0,16,0,31,0,18,0,2,0,16,0
CA,Pomona,98,45,0.459183673,62,0.632653061,107,1.091836735,1,0,11,0,1,0,5,0,1,0,2,0,2,0,4,0,1,0
FL,Miami,837,325,0.388291517,587,0.701314217,912,1.089605735,79,0,10,0,28,0,28,0,12,0,23,0,7,0,12,0,16,0
MO,Saint Louis,2498,916,0.366693355,1782,0.713370697,2698,1.080064051,208,0,3,0,58,0,40,0,17,0,29,0,19,0,6,0,25,0
CA,Norwalk,78,25,0.320512821,59,0.756410256,84,1.076923077,1,0,12,0,1,0,0,0,0,0,1,0,0,0,0,0,2,0
AL,Bessemer,95,38,0.4,64,0.673684211,102,1.073684211,10,0,0,0,3,0,4,0,0,0,1,0,0,0,0,0,1,0
VA,Petersburg,129,46,0.356589147,92,0.713178295,138,1.069767442,5,0,1,0,0,0,2,0,0,0,2,0,3,0,4,0,2,0
CA,Richmond,160,68,0.425,102,0.6375,170,1.0625,6,0,9,0,3,0,1,0,1,0,2,0,1,0,6,0,1,0
AL,Fairfield,59,29,0.491525424,33,0.559322034,62,1.050847458,5,0,1,0,1,0,2,0,1,0,0,0,1,0,0,0,2,0
OH,Hamilton,71,32,0.450704225,42,0.591549296,74,1.042253521,9,0,1,0,3,0,7,0,0,0,1,0,4,0,5,0,4,0
AZ,Tempe,74,36,0.486486486,41,0.554054054,77,1.040540541,7,0,2,0,2,0,4,0,3,0,0,0,0,0,0,0,3,0
WA,Renton,51,13,0.254901961,40,0.784313725,53,1.039215686,3,0,1,0,3,0,1,0,1,0,0,0,0,0,1,0,0,0
VA,Norfolk,622,152,0.24437299,492,0.790996785,644,1.035369775,43,0,4,0,22,0,9,0,4,0,8,0,33,0,3,0,6,0
GA,Lithonia,75,44,0.586666667,33,0.44,77,1.026666667,10,0,2,0,5,0,10,0,0,0,0,0,2,0,0,0,2,0
CA,Sacramento,477,180,0.377358491,309,0.647798742,489,1.025157233,18,0,9,0,25,0,15,0,1,0,18,0,3,0,5,0,13,0
MO,Kansas City,1152,427,0.370659722,747,0.6484375,1174,1.019097222,63,0,3,0,41,0,23,0,10,0,12,0,9,0,10,0,7,0
AL,Montgomery,483,174,0.360248447,318,0.658385093,492,1.01863354,28,0,3,0,11,0,12,0,4,0,4,0,2,0,1,0,4,0
CA,Moreno Valley,62,31,0.5,32,0.516129032,63,1.016129032,0,0,1,0,0,0,2,0,0,0,1,0,1,0,0,0,2,0
FL,Saint Petersburg (St Petersburg),63,25,0.396825397,39,0.619047619,64,1.015873016,3,0,0,0,2,0,6,0,2,0,0,0,1,0,2,0,5,0
AL,Birmingham,976,364,0.37295082,626,0.641393443,990,1.014344262,49,0,1,0,21,0,35,0,3,0,4,0,4,0,4,0,13,0
AZ,Mesa,107,58,0.542056075,50,0.46728972,108,1.009345794,5,0,0,0,3,0,13,0,2,0,2,0,0,0,0,0,11,0
NC,Lumberton,108,53,0.490740741,56,0.518518519,109,1.009259259,9,0,0,0,10,0,5,0,0,0,1,0,0,0,1,0,1,0
TN,Antioch,113,34,0.300884956,80,0.707964602,114,1.008849558,16,0,0,0,13,0,6,0,3,0,1,0,7,0,2,0,2,0
OH,Columbus,1282,415,0.323712949,878,0.684867395,1293,1.008580343,129,0,10,0,57,0,50,0,4,0,6,0,54,0,8,0,13,0
IN,Gary,492,172,0.349593496,323,0.656504065,495,1.006097561,54,0,3,0,13,0,23,0,2,0,6,0,22,0,7,0,2,0
NC,Durham,517,129,0.249516441,390,0.754352031,519,1.003868472,52,0,0,0,26,0,7,0,2,0,1,0,11,0,9,0,4,0
VA,Hopewell,54,12,0.222222222,42,0.777777778,54,1,6,0,0,0,2,0,1,0,0,0,1,0,2,0,0,0,1,0
AR,Pine Bluff,141,67,0.475177305,74,0.524822695,141,1,18,0,0,0,5,0,3,0,0,0,1,0,0,0,2,0,3,0
CA,Hayward,67,31,0.462686567,36,0.537313433,67,1,7,0,1,0,1,0,2,0,1,0,0,0,1,0,0,0,0,0
CA,Long Beach,329,120,0.364741641,207,0.629179331,327,0.993920973,10,0,52,0,7,0,5,0,2,0,6,0,2,0,0,0,12,0
LA,Harvey,99,32,0.323232323,66,0.666666667,98,0.98989899,10,0,2,0,2,0,1,0,0,0,1,0,1,0,1,0,0,0
FL,Cocoa,69,23,0.333333333,45,0.652173913,68,0.985507246,8,0,1,0,2,0,7,0,0,0,0,0,0,0,0,0,3,0
CA,Lancaster,56,34,0.607142857,21,0.375,55,0.982142857,5,0,1,0,2,0,3,0,0,0,1,0,1,0,0,0,1,0
FL,Hialeah,56,32,0.571428571,23,0.410714286,55,0.982142857,13,0,0,0,8,0,4,0,1,0,1,0,0,0,1,0,5,0
VA,Portsmouth,271,58,0.21402214,208,0.767527675,266,0.981549815,19,0,3,0,9,0,0,0,2,0,2,0,9,0,4,0,3,0
CA,San Francisco,421,141,0.334916865,272,0.64608076,413,0.980997625,24,0,5,0,11,0,6,0,4,0,12,0,1,0,0,0,8,0
PA,Mckeesport,85,31,0.364705882,52,0.611764706,83,0.976470588,6,0,0,0,5,0,2,0,0,0,1,0,1,0,5,0,0,0
NV,Las Vegas,1342,600,0.44709389,709,0.528315946,1309,0.975409836,116,0,46,0,55,0,87,0,19,0,9,0,7,0,4,0,57,0
TN,Chattanooga,659,112,0.169954476,529,0.802731411,641,0.972685888,28,0,76,0,20,0,20,0,2,0,7,0,27,0,4,0,2,0
MS,Vicksburg,73,21,0.287671233,50,0.684931507,71,0.97260274,3,0,0,0,4,0,3,0,0,0,2,0,1,0,1,0,1,0
OH,Cleveland,1709,473,0.276770041,1188,0.695143359,1661,0.9719134,178,0,49,0,54,0,65,0,10,0,14,0,79,0,11,0,16,0
TN,Memphis,2384,622,0.26090604,1690,0.708892617,2312,0.969798658,213,0,23,0,85,0,104,0,40,0,30,0,87,0,12,0,14,0
NY,Brooklyn,1405,377,0.268327402,979,0.696797153,1356,0.965124555,120,0,69,0,47,0,31,0,8,0,25,0,10,0,39,0,20,0
NY,Bronx,845,227,0.268639053,588,0.695857988,815,0.964497041,71,0,36,0,39,0,22,0,2,0,7,0,8,0,25,0,10,0
TX,Houston,2480,1144,0.461290323,1245,0.502016129,2389,0.963306452,394,0,32,0,128,0,89,0,38,0,24,0,19,0,4,0,55,0
LA,New Iberia,77,22,0.285714286,52,0.675324675,74,0.961038961,6,0,2,0,7,0,2,0,2,0,1,0,0,0,2,0,1,0
IL,East Saint Louis,120,71,0.591666667,44,0.366666667,115,0.958333333,10,0,2,0,3,0,2,0,1,0,1,0,4,0,0,0,3,0
IN,East Chicago,88,27,0.306818182,57,0.647727273,84,0.954545455,9,0,10,0,1,0,5,0,1,0,0,0,8,0,2,0,0,0
NY,Queens,130,46,0.353846154,78,0.6,124,0.953846154,9,0,3,0,5,0,2,0,2,0,4,0,0,0,0,0,3,0
CA,Fairfield,64,19,0.296875,42,0.65625,61,0.953125,2,0,1,0,0,0,1,0,1,0,1,0,1,0,3,0,1,0
NC,Winston Salem (Winston-Salem),191,56,0.293193717,126,0.659685864,182,0.952879581,17,0,0,0,15,0,5,0,1,0,1,0,3,0,2,0,3,0
TX,San Antonio,1627,516,0.317148125,1027,0.63122311,1543,0.948371235,160,0,26,0,83,0,82,0,30,0,9,0,9,0,12,0,37,0
VA,Richmond,994,244,0.245472837,696,0.700201207,940,0.945674044,103,0,3,0,35,0,16,0,0,0,3,0,33,0,4,0,8,0
OH,Cincinnati,1108,254,0.229241877,792,0.714801444,1046,0.944043321,154,0,10,0,37,0,35,0,6,0,8,0,44,0,13,0,10,0
MS,Jackson,844,246,0.291469194,546,0.646919431,792,0.938388626,72,0,0,0,20,0,18,0,6,0,4,0,0,0,4,0,5,0
CA,Santa Ana,209,54,0.258373206,142,0.679425837,196,0.937799043,10,0,45,0,1,0,0,0,0,0,0,0,0,0,0,0,2,0
WA,Kent,64,26,0.40625,34,0.53125,60,0.9375,6,0,4,0,2,0,3,0,1,0,0,0,1,0,0,0,1,0
AZ,Tucson,333,157,0.471471471,155,0.465465465,312,0.936936937,24,0,11,0,25,0,16,0,7,0,1,0,0,0,3,0,12,0
FL,Orange (county),60,7,0.116666667,49,0.816666667,56,0.933333333,4,0,1,0,6,0,2,0,0,0,0,0,1,0,3,0,0,0
NC,Sanford,57,21,0.368421053,32,0.561403509,53,0.929824561,9,0,0,0,2,0,1,0,1,0,0,0,1,0,0,0,2,0
LA,Marrero,125,35,0.28,81,0.648,116,0.928,10,0,0,0,3,0,4,0,0,0,1,0,1,0,2,0,2,0
SC,Lancaster,69,29,0.420289855,35,0.507246377,64,0.927536232,6,0,1,0,2,0,4,0,1,0,0,0,0,0,0,0,3,0
CA,Anaheim,69,30,0.434782609,34,0.492753623,64,0.927536232,2,0,15,0,1,0,3,0,1,0,0,0,0,0,0,0,2,0
FL,Lakeland,88,41,0.465909091,40,0.454545455,81,0.920454545,10,0,3,0,6,0,6,0,2,0,2,0,0,0,6,0,4,0
VA,Chesapeake,137,43,0.313868613,83,0.605839416,126,0.919708029,15,0,1,0,7,0,6,0,2,0,1,0,3,0,0,0,3,0
LA,Baton Rouge ,882,339,0.384353741,471,0.534013605,810,0.918367347,109,0,0,0,34,0,40,0,0,0,5,0,9,0,4,0,13,0
FL,Orlando,1020,303,0.297058824,633,0.620588235,936,0.917647059,143,0,6,0,75,0,35,0,11,0,10,0,7,0,10,0,12,0
FL,Miami-dade,72,23,0.319444444,43,0.597222222,66,0.916666667,13,0,0,0,9,0,2,0,2,0,0,0,0,0,0,0,2,0
GA,Marietta,70,33,0.471428571,31,0.442857143,64,0.914285714,7,0,7,0,5,0,5,0,0,0,0,0,0,0,0,0,0,0
AZ,Phoenix,969,412,0.425180599,473,0.488132095,885,0.913312693,61,0,8,0,41,0,45,0,16,0,9,0,5,0,3,0,23,0
NV,North Las Vegas,69,27,0.391304348,36,0.52173913,63,0.913043478,1,0,1,0,5,0,5,0,0,0,1,0,1,0,0,0,2,0
IN,Elkhart,101,33,0.326732673,59,0.584158416,92,0.910891089,6,0,0,0,4,0,3,0,1,0,1,0,4,0,3,0,2,0
IN,Indianapolis,1919,616,0.321000521,1131,0.589369463,1747,0.910369984,226,0,27,0,104,0,80,0,13,0,16,0,81,0,75,0,22,0
CO,Aurora,166,70,0.421686747,81,0.487951807,151,0.909638554,14,0,2,0,3,0,2,0,2,0,1,0,2,0,1,0,4,0
FL,Saint Petersburg,131,52,0.396946565,67,0.511450382,119,0.908396947,13,0,0,0,5,0,11,0,1,0,0,0,3,0,1,0,3,0
FL,Palm Beach Gardens (Riviera Beach),75,20,0.266666667,48,0.64,68,0.906666667,2,0,0,0,0,0,4,0,3,0,1,0,1,0,4,0,0,0
MI,Saginaw,241,55,0.228215768,163,0.676348548,218,0.904564315,17,0,10,0,6,0,8,0,0,0,2,0,4,0,2,0,0,0
VA,Hampton,360,67,0.186111111,258,0.716666667,325,0.902777778,37,0,0,0,14,0,9,0,0,0,2,0,16,0,1,0,1,0
NJ,Newark,737,304,0.412483039,361,0.489823609,665,0.902306649,27,0,3,0,1,0,13,0,2,0,13,0,2,0,37,0,1,0
OH,Toledo,804,111,0.138059701,609,0.757462687,720,0.895522388,108,0,22,0,22,0,25,0,3,0,4,0,22,0,6,0,8,0
PA,Pittsburgh,936,243,0.259615385,595,0.635683761,838,0.895299145,51,0,3,0,57,0,23,0,4,0,11,0,7,0,24,0,8,0
LA,Shreveport,807,154,0.190830235,568,0.703841388,722,0.894671623,69,0,0,0,36,0,24,0,2,0,7,0,4,0,12,0,8,0
GA,Savannah,740,159,0.214864865,503,0.67972973,662,0.894594595,63,0,4,0,21,0,26,0,2,0,5,0,2,0,30,0,6,0
NY,Yonkers,66,15,0.227272727,44,0.666666667,59,0.893939394,8,0,1,0,3,0,2,0,1,0,0,0,1,0,0,0,0,0
NC,High Point,113,30,0.265486726,71,0.628318584,101,0.89380531,17,0,4,0,6,0,4,0,0,0,2,0,0,0,1,0,0,0
IN,Hammond,120,39,0.325,68,0.566666667,107,0.891666667,13,0,12,0,6,0,9,0,3,0,0,0,9,0,3,0,5,0
FL,West Palm Beach,431,125,0.290023202,259,0.600928074,384,0.890951276,24,0,2,0,12,0,19,0,4,0,1,0,0,0,4,0,6,0
WA,Federal Way,63,29,0.46031746,27,0.428571429,56,0.888888889,4,0,3,0,1,0,8,0,1,0,1,0,0,0,0,0,1,0
MI,Detroit,1832,603,0.329148472,1025,0.559497817,1628,0.888646288,154,0,14,0,41,0,63,0,20,0,32,0,25,0,11,0,12,0
TX,Texarkana,53,19,0.358490566,28,0.528301887,47,0.886792453,6,0,0,0,3,0,0,0,0,0,0,0,0,0,1,0,1,0
VA,Suffolk,78,12,0.153846154,57,0.730769231,69,0.884615385,10,0,0,0,7,0,1,0,0,0,2,0,2,0,1,0,1,0
MI,Benton Harbor,52,19,0.365384615,27,0.519230769,46,0.884615385,3,0,1,0,3,0,3,0,0,0,1,0,0,0,3,0,0,0
CA,San Jose,234,103,0.44017094,104,0.444444444,207,0.884615385,16,0,12,0,9,0,5,0,3,0,1,0,1,0,1,0,7,0
MD,Baltimore,3943,1055,0.267562769,2427,0.615521177,3482,0.883083946,152,0,10,0,12,0,17,0,4,0,28,0,4,0,287,0,11,0
NC,Fayetteville,391,116,0.296675192,229,0.585677749,345,0.882352941,48,0,1,0,20,0,17,0,1,0,1,0,4,0,9,0,10,0
VA,Roanoke,227,43,0.189427313,157,0.691629956,200,0.881057269,18,0,0,0,5,0,9,0,0,0,4,0,11,0,5,0,5,0
NY,Rochester,689,94,0.136429608,513,0.744557329,607,0.880986938,26,0,2,0,8,0,4,0,1,0,6,0,2,0,36,0,2,0
FL,Orange County,142,49,0.345070423,76,0.535211268,125,0.88028169,32,0,1,0,14,0,1,0,0,0,2,0,1,0,0,0,3,0
CA,Antioch,140,45,0.321428571,78,0.557142857,123,0.878571429,6,0,2,0,3,0,4,0,3,0,1,0,0,0,3,0,0,0
NY,New York City,360,66,0.183333333,250,0.694444444,316,0.877777778,29,0,16,0,13,0,4,0,5,0,7,0,2,0,16,0,12,0
MO,Independence,89,34,0.382022472,44,0.494382022,78,0.876404494,8,0,0,0,6,0,3,0,3,0,0,0,0,0,0,0,2,0
TN,Knoxville,387,98,0.253229974,241,0.622739018,339,0.875968992,52,0,13,0,20,0,23,0,2,0,1,0,4,0,3,0,9,0
VA,Danville,151,39,0.258278146,93,0.61589404,132,0.874172185,16,0,9,0,8,0,2,0,1,0,0,0,8,0,5,0,3,0
CA,Modesto,169,50,0.295857988,97,0.573964497,147,0.869822485,6,0,14,0,5,0,5,0,1,0,3,0,1,0,6,0,2,0
NC,Rocky Mount,137,32,0.233576642,87,0.635036496,119,0.868613139,3,0,4,0,4,0,3,0,0,0,3,0,4,0,4,0,1,0
AL,Tuscaloosa,220,40,0.181818182,151,0.686363636,191,0.868181818,21,0,0,0,6,0,6,0,0,0,0,0,4,0,2,0,1,0
CT,Waterbury,83,28,0.337349398,44,0.530120482,72,0.86746988,6,0,3,0,1,0,3,0,3,0,1,0,0,0,6,0,2,0
NJ,Elizabeth,105,28,0.266666667,63,0.6,91,0.866666667,19,0,0,0,2,0,2,0,0,0,1,0,0,0,1,0,0,0
TX,Harris (county),120,41,0.341666667,63,0.525,104,0.866666667,22,0,2,0,12,0,1,0,3,0,0,0,0,0,1,0,5,0
GA,Macon,483,89,0.18426501,329,0.68115942,418,0.865424431,72,0,13,0,27,0,24,0,1,0,2,0,3,0,4,0,4,0
NJ,New Brunswick,51,7,0.137254902,37,0.725490196,44,0.862745098,2,0,3,0,2,0,0,0,0,0,0,0,0,0,1,0,0,0
VA,Virginia Beach,289,64,0.221453287,185,0.640138408,249,0.861591696,40,0,0,0,20,0,8,0,1,0,3,0,11,0,1,0,4,0
CA,Salinas,301,108,0.358803987,150,0.49833887,258,0.857142857,13,0,58,0,1,0,1,0,1,0,4,0,3,0,3,0,1,0
VA,Newport News,536,107,0.199626866,352,0.656716418,459,0.856343284,45,0,2,0,21,0,19,0,1,0,2,0,43,0,13,0,5,0
TX,Beaumont,132,54,0.409090909,59,0.446969697,113,0.856060606,19,0,0,0,7,0,10,0,0,0,2,0,1,0,4,0,4,0
TX,Dallas,1152,465,0.403645833,515,0.447048611,980,0.850694444,132,0,15,0,44,0,28,0,9,0,12,0,7,0,6,0,16,0
KY,Louisville,1405,396,0.281850534,795,0.565836299,1191,0.847686833,131,0,7,0,70,0,60,0,9,0,12,0,59,0,18,0,18,0
SC,Columbia,526,138,0.262357414,306,0.581749049,444,0.844106464,62,0,6,0,17,0,24,0,2,0,3,0,0,0,11,0,12,0
NC,Hickory,51,24,0.470588235,19,0.37254902,43,0.843137255,0,0,0,0,2,0,4,0,1,0,1,0,1,0,3,0,2,0
LA,New Orleans,3083,703,0.228024651,1892,0.613687966,2595,0.841712618,390,0,11,0,84,0,48,0,17,0,32,0,13,0,23,0,18,0
MI,Flint,643,166,0.258164852,375,0.583203733,541,0.841368585,67,0,7,0,22,0,13,0,0,0,5,0,17,0,18,0,2,0
MS,Natchez,69,24,0.347826087,34,0.492753623,58,0.84057971,6,0,0,0,2,0,3,0,0,0,0,0,1,0,1,0,0,0
NC,Raleigh,324,79,0.24382716,193,0.595679012,272,0.839506173,30,0,1,0,13,0,8,0,7,0,1,0,3,0,3,0,4,0
KS,Lawrence,62,14,0.225806452,38,0.612903226,52,0.838709677,3,0,1,0,5,0,1,0,0,0,1,0,0,0,0,0,1,0
NC,Charlotte,1282,272,0.212168487,803,0.626365055,1075,0.838533541,137,0,2,0,42,0,42,0,12,0,11,0,23,0,8,0,12,0
WA,Yakima,111,38,0.342342342,55,0.495495495,93,0.837837838,5,0,17,0,4,0,7,0,0,0,1,0,1,0,2,0,2,0
UT,Salt Lake City (West Valley City),92,18,0.195652174,59,0.641304348,77,0.836956522,4,0,15,0,5,0,5,0,5,0,1,0,3,0,1,0,3,0
TX,Harris County,159,47,0.295597484,86,0.540880503,133,0.836477987,60,0,1,0,19,0,2,0,3,0,0,0,3,0,0,0,2,0
NC,Elizabeth City,61,11,0.180327869,40,0.655737705,51,0.836065574,4,0,0,0,1,0,2,0,0,0,1,0,0,0,2,0,4,0
MN,Minneapolis,667,149,0.223388306,408,0.611694153,557,0.835082459,34,0,23,0,6,0,14,0,6,0,12,0,2,0,2,0,5,0
FL,Apopka,66,20,0.303030303,35,0.53030303,55,0.833333333,6,0,1,0,0,0,5,0,1,0,1,0,0,0,1,0,3,0
NY,Jamaica,90,23,0.255555556,52,0.577777778,75,0.833333333,10,0,5,0,6,0,0,0,1,0,0,0,0,0,5,0,1,0
IN,South Bend,340,65,0.191176471,218,0.641176471,283,0.832352941,58,0,2,0,20,0,21,0,1,0,4,0,12,0,3,0,4,0
SC,Anderson,172,41,0.238372093,102,0.593023256,143,0.831395349,12,0,0,0,7,0,13,0,0,0,0,0,0,0,3,0,3,0
AR,Hot Springs National Park (Hot Springs),71,15,0.211267606,44,0.61971831,59,0.830985915,2,0,0,0,6,0,2,0,0,0,1,0,0,0,4,0,1,0
AL,Gadsden,58,17,0.293103448,31,0.534482759,48,0.827586207,12,0,0,0,5,0,2,0,0,0,0,0,0,0,0,0,2,0
AL,Mobile,561,161,0.286987522,303,0.540106952,464,0.827094474,65,0,0,0,27,0,32,0,3,0,2,0,2,0,1,0,9,0
WI,Milwaukee,2487,486,0.195416164,1570,0.63128267,2056,0.826698834,265,0,15,0,22,0,45,0,10,0,8,0,31,0,19,0,18,0
FL,Kissimmee,69,25,0.362318841,32,0.463768116,57,0.826086957,5,0,1,0,1,0,9,0,4,0,1,0,2,0,3,0,3,0
TN,Clarksville,178,54,0.303370787,93,0.52247191,147,0.825842697,9,0,1,0,10,0,8,0,6,0,4,0,2,0,1,0,1,0
NC,Greensboro,522,120,0.229885057,311,0.595785441,431,0.825670498,99,0,4,0,33,0,7,0,2,0,0,0,2,0,1,0,5,0
MI,Lansing,189,40,0.211640212,116,0.613756614,156,0.825396825,21,0,0,0,10,0,10,0,0,0,2,0,5,0,0,0,8,0
LA,Lake Charles,108,33,0.305555556,56,0.518518519,89,0.824074074,17,0,0,0,7,0,4,0,0,0,1,0,0,0,1,0,3,0
IL,Danville,102,26,0.254901961,58,0.568627451,84,0.823529412,5,0,1,0,2,0,3,0,1,0,2,0,4,0,0,0,2,0
LA,Lafayette,242,65,0.268595041,134,0.553719008,199,0.82231405,22,0,0,0,5,0,10,0,1,0,3,0,1,0,3,0,3,0
NY,Manhattan,140,30,0.214285714,85,0.607142857,115,0.821428571,31,0,4,0,1,0,2,0,0,0,1,0,0,0,1,0,5,0
DE,Wilmington,815,120,0.147239264,549,0.673619632,669,0.820858896,84,0,3,0,11,0,2,0,1,0,6,0,3,0,27,0,2,0
AR,Little Rock,929,169,0.181916039,590,0.635091496,759,0.817007535,109,0,5,0,30,0,28,0,3,0,4,0,1,0,8,0,10,0
PA,York,280,58,0.207142857,170,0.607142857,228,0.814285714,17,0,0,0,5,0,12,0,4,0,2,0,0,0,16,0,4,0
OK,Oklahoma City,815,234,0.287116564,429,0.526380368,663,0.813496933,100,0,10,0,60,0,26,0,8,0,6,0,4,0,12,0,10,0
TX,Spring,64,31,0.484375,21,0.328125,52,0.8125,14,0,1,0,7,0,7,0,2,0,1,0,1,0,0,0,3,0
AL,Opelika,64,23,0.359375,29,0.453125,52,0.8125,3,0,0,0,2,0,3,0,0,0,0,0,0,0,0,0,0,0
PA,Johnstown,69,26,0.376811594,30,0.434782609,56,0.811594203,1,0,1,0,0,0,6,0,0,0,2,0,0,0,5,0,3,0
LA,Metairie,122,29,0.237704918,70,0.573770492,99,0.81147541,15,0,0,0,3,0,5,0,3,0,1,0,0,0,5,0,4,0
NV,Henderson,53,30,0.566037736,13,0.245283019,43,0.811320755,7,0,0,0,5,0,8,0,2,0,0,0,0,0,0,0,6,0
SC,Loris,52,13,0.25,29,0.557692308,42,0.807692308,7,0,0,0,10,0,2,0,0,0,1,0,0,0,4,0,0,0
OH,Dayton (Trotwood),62,16,0.258064516,34,0.548387097,50,0.806451613,1,0,1,0,4,0,5,0,0,0,1,0,1,0,2,0,1,0
NJ,Camden,253,124,0.490118577,80,0.316205534,204,0.806324111,29,0,3,0,1,0,3,0,0,0,2,0,0,0,4,0,1,0
OK,Lawton,121,26,0.214876033,71,0.58677686,97,0.801652893,7,0,0,0,8,0,5,0,0,0,0,0,1,0,4,0,0,0
TN,Nashville,1319,261,0.19787718,796,0.603487491,1057,0.80136467,159,0,9,0,61,0,51,0,10,0,6,0,76,0,19,0,11,0
IN,Fort Wayne,602,144,0.239202658,338,0.561461794,482,0.800664452,78,0,16,0,25,0,41,0,3,0,6,0,13,0,52,0,15,0
CA,Desert Hot Springs,74,20,0.27027027,39,0.527027027,59,0.797297297,3,0,4,0,2,0,1,0,0,0,0,0,1,0,2,0,0,0
AR,North Little Rock,122,46,0.37704918,51,0.418032787,97,0.795081967,13,0,0,0,2,0,5,0,2,0,0,0,0,0,1,0,2,0
NY,Corona (Queens),156,42,0.269230769,81,0.519230769,123,0.788461538,10,0,11,0,6,0,4,0,2,0,0,0,1,0,11,0,3,0
AR,Blytheville,101,24,0.237623762,55,0.544554455,79,0.782178218,5,0,0,0,6,0,3,0,0,0,1,0,0,0,1,0,1,0
GA,Atlanta,1357,377,0.277818718,684,0.504053058,1061,0.781871776,163,0,8,0,59,0,28,0,6,0,18,0,3,0,8,0,13,0
OH,Lorain,113,22,0.194690265,66,0.584070796,88,0.778761062,9,0,5,0,8,0,9,0,0,0,0,0,2,0,4,0,4,0
VA,Alexandria,84,18,0.214285714,47,0.55952381,65,0.773809524,8,0,1,0,4,0,2,0,2,0,1,0,2,0,4,0,2,0
SC,Florence,128,29,0.2265625,70,0.546875,99,0.7734375,10,0,0,0,7,0,7,0,0,0,0,0,1,0,1,0,2,0
CA,Riverside,97,28,0.288659794,47,0.484536082,75,0.773195876,5,0,3,0,4,0,2,0,1,0,2,0,0,0,7,0,4,0
FL,Sanford,88,18,0.204545455,50,0.568181818,68,0.772727273,7,0,0,0,6,0,4,0,1,0,1,0,0,0,0,0,0,0
OH,Akron,385,101,0.262337662,196,0.509090909,297,0.771428571,51,0,3,0,44,0,26,0,3,0,3,0,11,0,16,0,2,0
NJ,Trenton,729,85,0.11659808,477,0.654320988,562,0.770919067,39,0,4,0,9,0,16,0,0,0,6,0,2,0,57,0,0,0
CA,Visalia,109,36,0.330275229,48,0.440366972,84,0.770642202,9,0,18,0,6,0,6,0,1,0,1,0,1,0,1,0,3,0
NY,Buffalo,954,156,0.163522013,577,0.604821803,733,0.768343816,47,0,29,0,22,0,12,0,5,0,7,0,7,0,65,0,4,0
LA,Monroe,150,42,0.28,73,0.486666667,115,0.766666667,18,0,0,0,7,0,6,0,0,0,1,0,0,0,1,0,2,0
AL,Auburn,51,19,0.37254902,20,0.392156863,39,0.764705882,3,0,0,0,0,0,2,0,1,0,1,0,0,0,2,0,3,0
CO,Denver,690,208,0.301449275,319,0.462318841,527,0.763768116,27,0,15,0,21,0,11,0,4,0,6,0,4,0,4,0,6,0
SC,North Charleston,395,111,0.281012658,190,0.481012658,301,0.762025316,37,0,1,0,9,0,6,0,3,0,4,0,3,0,24,0,3,0
AL,Dothan,84,16,0.19047619,48,0.571428571,64,0.761904762,10,0,0,0,2,0,5,0,0,0,0,0,0,0,1,0,0,0
MI,Muskegon,67,13,0.194029851,38,0.567164179,51,0.76119403,9,0,0,0,1,0,7,0,0,0,2,0,3,0,1,0,0,0
GA,Gainesville,54,16,0.296296296,25,0.462962963,41,0.759259259,4,0,1,0,3,0,5,0,0,0,0,0,0,0,7,0,3,0
PA,Allentown,203,44,0.216748768,110,0.541871921,154,0.75862069,14,0,5,0,10,0,12,0,3,0,0,0,1,0,14,0,5,0
CA,San Diego,372,116,0.311827957,166,0.446236559,282,0.758064516,36,0,14,0,14,0,14,0,1,0,5,0,4,0,5,0,15,0
CA,Bakersfield,605,153,0.252892562,305,0.504132231,458,0.757024793,18,0,106,0,7,0,12,0,2,0,5,0,0,0,17,0,12,0
OH,Springfield,186,39,0.209677419,101,0.543010753,140,0.752688172,8,0,1,0,14,0,9,0,1,0,2,0,6,0,2,0,3,0
FL,Tampa,602,151,0.250830565,302,0.50166113,453,0.752491694,58,0,0,0,22,0,13,0,10,0,7,0,2,0,6,0,7,0
FL,Palm Bay,60,13,0.216666667,32,0.533333333,45,0.75,1,0,0,0,4,0,8,0,2,0,1,0,0,0,3,0,0,0
TN,Madison,76,15,0.197368421,42,0.552631579,57,0.75,14,0,0,0,9,0,1,0,1,0,0,0,2,0,1,0,0,0
IN,Muncie,87,19,0.218390805,46,0.528735632,65,0.747126437,11,0,1,0,10,0,7,0,0,0,0,0,6,0,7,0,0,0
CA,Oakland,1478,321,0.217185386,783,0.529769959,1104,0.746955345,77,0,19,0,34,0,6,0,10,0,13,0,1,0,3,0,4,0
IL,Waukegan,51,12,0.235294118,26,0.509803922,38,0.745098039,11,0,2,0,0,0,2,0,0,0,0,0,2,0,5,0,0,0
MS,Tupelo,70,17,0.242857143,35,0.5,52,0.742857143,2,0,0,0,2,0,2,0,0,0,0,0,0,0,1,0,1,0
FL,Tallahassee,260,67,0.257692308,126,0.484615385,193,0.742307692,14,0,1,0,13,0,5,0,1,0,1,0,1,0,24,0,5,0
NV,Reno,232,69,0.297413793,103,0.443965517,172,0.74137931,20,0,13,0,1,0,5,0,2,0,0,0,1,0,0,0,7,0
MI,Grand Rapids,352,45,0.127840909,215,0.610795455,260,0.738636364,60,0,4,0,12,0,11,0,0,0,2,0,12,0,5,0,6,0
FL,Pompano Beach,65,21,0.323076923,27,0.415384615,48,0.738461538,14,0,1,0,5,0,0,0,2,0,1,0,2,0,1,0,1,0
GA,Brunswick,84,21,0.25,41,0.488095238,62,0.738095238,10,0,2,0,8,0,9,0,0,0,0,0,0,0,5,0,1,0
OH,Warren,129,27,0.209302326,68,0.527131783,95,0.736434109,6,0,1,0,7,0,8,0,1,0,1,0,2,0,5,0,2,0
NC,Jacksonville,68,20,0.294117647,30,0.441176471,50,0.735294118,5,0,1,0,4,0,8,0,2,0,0,0,0,0,1,0,3,0
FL,Leesburg,52,11,0.211538462,27,0.519230769,38,0.730769231,4,0,1,0,3,0,3,0,1,0,0,0,0,0,3,0,1,0
NY,Syracuse,642,76,0.118380062,392,0.6105919,468,0.728971963,43,0,6,0,16,0,8,0,1,0,3,0,9,0,46,0,1,0
NE,Omaha,923,144,0.156013001,527,0.570964247,671,0.726977248,99,0,16,0,57,0,16,0,9,0,4,0,5,0,12,0,12,0
FL,Clearwater,73,25,0.342465753,28,0.383561644,53,0.726027397,5,0,0,0,6,0,5,0,0,0,0,0,0,0,0,0,4,0
LA,Hammond,62,22,0.35483871,23,0.370967742,45,0.725806452,6,0,0,0,4,0,4,0,0,0,0,0,0,0,1,0,0,0
SC,Greenville,291,82,0.281786942,129,0.443298969,211,0.725085911,27,0,2,0,15,0,7,0,2,0,0,0,1,0,11,0,8,0
SC,Richland (county),69,6,0.086956522,44,0.637681159,50,0.724637681,4,0,0,0,3,0,0,0,0,0,0,0,0,0,0,0,0,0
GA,Augusta,328,73,0.222560976,164,0.5,237,0.722560976,40,0,1,0,18,0,11,0,1,0,1,0,0,0,7,0,4,0
AL,Decatur,97,23,0.237113402,47,0.484536082,70,0.721649485,1,0,0,0,4,0,6,0,0,0,0,0,0,0,2,0,1,0
GA,Warner Robins,86,21,0.244186047,41,0.476744186,62,0.720930233,21,0,1,0,17,0,5,0,0,0,1,0,1,0,1,0,2,0
TX,Longview,154,52,0.337662338,59,0.383116883,111,0.720779221,7,0,2,0,2,0,8,0,2,0,0,0,1,0,13,0,2,0
TX,El Paso,220,71,0.322727273,87,0.395454545,158,0.718181818,18,0,6,0,2,0,15,0,0,0,2,0,3,0,3,0,15,0
FL,Bradenton,201,55,0.273631841,88,0.437810945,143,0.711442786,15,0,1,0,25,0,10,0,1,0,0,0,0,0,18,0,4,0
FL,Fort Myers,387,87,0.224806202,187,0.483204134,274,0.708010336,24,0,3,0,9,0,15,0,11,0,4,0,2,0,25,0,7,0
CA,Indio,65,19,0.292307692,27,0.415384615,46,0.707692308,2,0,6,0,0,0,3,0,0,0,0,0,0,0,0,0,1,0
FL,Miami Beach,65,16,0.246153846,30,0.461538462,46,0.707692308,9,0,0,0,5,0,0,0,0,0,0,0,0,0,4,0,1,0
NC,Kinston,181,21,0.116022099,107,0.591160221,128,0.70718232,10,0,3,0,1,0,1,0,0,0,0,0,4,0,4,0,0,0
IL,Decatur,140,23,0.164285714,76,0.542857143,99,0.707142857,8,0,0,0,9,0,9,0,1,0,2,0,3,0,7,0,0,0
MS,Hattiesburg,140,27,0.192857143,72,0.514285714,99,0.707142857,11,0,1,0,2,0,4,0,1,0,1,0,0,0,2,0,3,0
FL,Lake Worth,116,25,0.215517241,57,0.49137931,82,0.706896552,15,0,2,0,4,0,6,0,1,0,0,0,0,0,4,0,2,0
NM,Las Cruces,92,30,0.326086957,35,0.380434783,65,0.706521739,10,0,1,0,4,0,10,0,6,0,0,0,1,0,1,0,6,0
FL,Deland,51,12,0.235294118,24,0.470588235,36,0.705882353,6,0,0,0,6,0,6,0,1,0,0,0,0,0,2,0,2,0
FL,Winter Haven,51,13,0.254901961,23,0.450980392,36,0.705882353,7,0,2,0,7,0,5,0,0,0,0,0,0,0,6,0,1,0
SC,Charleston,217,63,0.290322581,90,0.414746544,153,0.705069124,29,0,1,0,8,0,9,0,1,0,2,0,1,0,6,0,5,0
NM,Albuquerque,739,233,0.315290934,288,0.389715832,521,0.705006766,57,0,8,0,39,0,47,0,21,0,6,0,3,0,14,0,21,0
HI,Honolulu,64,12,0.1875,33,0.515625,45,0.703125,14,0,1,0,0,0,2,0,1,0,0,0,1,0,0,0,1,0
NC,Gastonia,84,24,0.285714286,35,0.416666667,59,0.702380952,7,0,1,0,8,0,4,0,1,0,1,0,0,0,0,0,2,0
MS,Columbus,97,24,0.24742268,44,0.453608247,68,0.701030928,6,0,0,0,8,0,5,0,1,0,0,0,0,0,0,0,0,0
VA,Lynchburg,100,20,0.2,50,0.5,70,0.7,9,0,4,0,6,0,3,0,0,0,1,0,2,0,0,0,2,0
MA,Lawrence,73,21,0.287671233,30,0.410958904,51,0.698630137,3,0,3,0,1,0,4,0,0,0,0,0,0,0,16,0,1,0
NJ,Pleasantville,73,13,0.178082192,38,0.520547945,51,0.698630137,3,0,0,0,0,0,1,0,0,0,0,0,0,0,1,0,0,0
CA,Santa Maria,63,24,0.380952381,20,0.317460317,44,0.698412698,2,0,11,0,1,0,2,0,0,0,0,0,0,0,4,0,0,0
IN,Terre Haute,66,16,0.242424242,30,0.454545455,46,0.696969697,4,0,1,0,2,0,8,0,0,0,0,0,4,0,5,0,2,0
CA,Victorville,56,19,0.339285714,20,0.357142857,39,0.696428571,2,0,5,0,1,0,3,0,2,0,0,0,1,0,4,0,2,0
NY,Hempstead,56,16,0.285714286,23,0.410714286,39,0.696428571,4,0,6,0,0,0,0,0,0,0,0,0,1,0,3,0,0,0
VA,Henrico (county),85,21,0.247058824,38,0.447058824,59,0.694117647,4,0,0,0,12,0,5,0,2,0,0,0,2,0,1,0,3,0
WA,Everett,101,18,0.178217822,52,0.514851485,70,0.693069307,10,0,11,0,6,0,4,0,0,0,0,0,2,0,5,0,0,0
SC,Darlington,52,12,0.230769231,24,0.461538462,36,0.692307692,3,0,0,0,3,0,1,0,2,0,0,0,0,0,3,0,0,0
IL,Joliet,198,46,0.232323232,91,0.45959596,137,0.691919192,11,0,20,0,1,0,12,0,1,0,0,0,18,0,17,0,5,0
WV,Huntington,201,26,0.129353234,113,0.562189055,139,0.691542289,15,0,0,0,9,0,10,0,1,0,1,0,2,0,12,0,0,0
FL,Deltona,81,19,0.234567901,37,0.456790123,56,0.691358025,14,0,0,0,7,0,8,0,3,0,0,0,0,0,1,0,5,0
NC,Statesville,68,15,0.220588235,32,0.470588235,47,0.691176471,2,0,0,0,6,0,7,0,0,0,1,0,1,0,9,0,2,0
NJ,Vineland,55,11,0.2,27,0.490909091,38,0.690909091,11,0,1,0,5,0,0,0,1,0,0,0,1,0,0,0,0,0
GA,Covington,55,24,0.436363636,14,0.254545455,38,0.690909091,6,0,0,0,3,0,9,0,2,0,0,0,0,0,2,0,3,0
OK,Muskogee,58,11,0.189655172,29,0.5,40,0.689655172,5,0,0,0,2,0,2,0,2,0,0,0,0,0,8,0,1,0
GA,Moultrie,119,30,0.25210084,52,0.43697479,82,0.68907563,14,0,0,0,9,0,5,0,0,0,2,0,1,0,4,0,7,0
NC,Salisbury,173,38,0.219653179,81,0.468208092,119,0.687861272,12,0,1,0,11,0,7,0,0,0,1,0,1,0,10,0,1,0
TX,Lubbock,306,49,0.160130719,161,0.526143791,210,0.68627451,42,0,2,0,17,0,20,0,0,0,2,0,0,0,9,0,1,0
UT,Ogden,54,15,0.277777778,22,0.407407407,37,0.685185185,0,0,8,0,2,0,2,0,0,0,0,0,0,0,1,0,0,0
CA,Oroville,60,15,0.25,26,0.433333333,41,0.683333333,1,0,4,0,3,0,0,0,0,0,0,0,0,0,1,0,1,0
OR,Salem,104,28,0.269230769,43,0.413461538,71,0.682692308,7,0,8,0,10,0,5,0,1,0,1,0,0,0,6,0,2,0
FL,Daytona Beach,179,28,0.156424581,94,0.525139665,122,0.681564246,15,0,4,0,3,0,9,0,10,0,4,0,1,0,3,0,5,0
MI,Pontiac,238,33,0.138655462,129,0.542016807,162,0.680672269,36,0,2,0,13,0,18,0,0,0,3,0,8,0,0,0,1,0
CA,Stockton,555,150,0.27027027,227,0.409009009,377,0.679279279,37,0,24,0,9,0,6,0,1,0,10,0,5,0,18,0,1,0
FL,Lehigh Acres,118,28,0.237288136,52,0.440677966,80,0.677966102,14,0,1,0,10,0,5,0,5,0,0,0,1,0,5,0,1,0
PA,Harrisburg,384,73,0.190104167,187,0.486979167,260,0.677083333,21,0,0,0,12,0,11,0,4,0,1,0,4,0,19,0,5,0
WV,Beckley,68,9,0.132352941,37,0.544117647,46,0.676470588,8,0,0,0,2,0,2,0,0,0,0,0,1,0,1,0,0,0
SC,Sumter,74,20,0.27027027,30,0.405405405,50,0.675675676,11,0,0,0,7,0,6,0,1,0,0,0,0,0,4,0,1,0
LA,Houma,92,26,0.282608696,36,0.391304348,62,0.673913043,6,0,1,0,3,0,7,0,0,0,1,0,2,0,3,0,2,0
CA,Fresno,1057,166,0.15704825,545,0.515610218,711,0.672658467,34,0,263,0,17,0,14,0,7,0,13,0,1,0,16,0,10,0
OK,Tulsa,1258,262,0.208267091,581,0.461844197,843,0.670111288,163,0,34,0,132,0,59,0,13,0,7,0,9,0,18,0,17,0
FL,Jacksonville,2317,421,0.181700475,1126,0.485973241,1547,0.667673716,129,0,11,0,45,0,64,0,15,0,14,0,10,0,22,0,21,0
LA,Alexandria,96,30,0.3125,34,0.354166667,64,0.666666667,2,0,0,0,3,0,3,0,2,0,0,0,1,0,1,0,1,0
FL,Ocala,280,60,0.214285714,126,0.45,186,0.664285714,26,0,2,0,23,0,18,0,2,0,1,0,0,0,25,0,11,0
AL,Huntsville,519,79,0.1522158,264,0.50867052,343,0.66088632,120,0,0,0,22,0,16,0,1,0,2,0,2,0,2,0,8,0
CT,New Haven,411,45,0.109489051,226,0.549878345,271,0.659367397,42,0,5,0,18,0,7,0,0,0,2,0,4,0,30,0,0,0
WA,Tacoma,223,57,0.255605381,90,0.403587444,147,0.659192825,26,0,8,0,8,0,16,0,3,0,1,0,4,0,5,0,5,0
GA,Albany,216,41,0.189814815,101,0.467592593,142,0.657407407,40,0,2,0,16,0,7,0,0,0,1,0,1,0,5,0,4,0
CT,Bridgeport,630,56,0.088888889,358,0.568253968,414,0.657142857,57,0,22,0,20,0,15,0,6,0,5,0,3,0,30,0,4,0
SC,Spartanburg,233,37,0.158798283,116,0.497854077,153,0.656652361,28,0,0,0,13,0,15,0,4,0,0,0,1,0,2,0,3,0
FL,Pensacola,198,47,0.237373737,83,0.419191919,130,0.656565657,15,0,2,0,17,0,10,0,1,0,0,0,0,0,12,0,5,0
FL,Saint Augustine,64,18,0.28125,24,0.375,42,0.65625,9,0,0,0,4,0,6,0,1,0,0,0,0,0,2,0,2,0
KS,Topeka,362,70,0.193370166,167,0.461325967,237,0.654696133,24,0,7,0,17,0,9,0,2,0,5,0,1,0,8,0,5,0
TX,Odessa,98,27,0.275510204,37,0.37755102,64,0.653061224,8,0,1,0,7,0,3,0,2,0,0,0,0,0,7,0,1,0
AL,Athens,57,10,0.175438596,27,0.473684211,37,0.649122807,1,0,0,0,2,0,2,0,0,0,0,0,0,0,1,0,2,0
PA,Erie,181,28,0.154696133,89,0.491712707,117,0.64640884,11,0,0,0,11,0,14,0,1,0,1,0,1,0,7,0,4,0
NJ,Paterson,548,69,0.125912409,285,0.520072993,354,0.645985401,59,0,8,0,7,0,2,0,0,0,3,0,0,0,34,0,0,0
NY,Albany,203,14,0.068965517,117,0.57635468,131,0.645320197,14,0,1,0,4,0,5,0,0,0,1,0,0,0,12,0,0,0
WV,Charleston,271,37,0.136531365,137,0.505535055,174,0.642066421,9,0,1,0,12,0,14,0,0,0,1,0,4,0,9,0,1,0
MS,Meridian,331,45,0.135951662,167,0.504531722,212,0.640483384,44,0,1,0,9,0,9,0,0,0,3,0,2,0,2,0,1,0
FL,Fort Lauderdale,214,60,0.280373832,77,0.359813084,137,0.640186916,17,0,0,0,1,0,7,0,1,0,2,0,1,0,0,0,3,0
NJ,Millville,94,12,0.127659574,48,0.510638298,60,0.638297872,0,0,2,0,0,0,2,0,0,0,0,0,0,0,2,0,1,0
DE,New Castle,110,17,0.154545455,53,0.481818182,70,0.636363636,8,0,0,0,6,0,2,0,3,0,0,0,0,0,12,0,1,0
AK,Anchorage,469,108,0.230277186,190,0.405117271,298,0.635394456,32,0,3,0,31,0,27,0,3,0,1,0,2,0,6,0,14,0
CA,Pasadena,126,20,0.158730159,60,0.476190476,80,0.634920635,6,0,10,0,1,0,4,0,3,0,2,0,0,0,1,0,1,0
GA,Milledgeville,63,16,0.253968254,24,0.380952381,40,0.634920635,2,0,8,0,1,0,0,0,0,0,1,0,0,0,2,0,1,0
MS,Biloxi,65,14,0.215384615,27,0.415384615,41,0.630769231,6,0,0,0,4,0,1,0,0,0,0,0,1,0,0,0,3,0
NJ,Jersey City,623,77,0.123595506,314,0.504012841,391,0.627608347,32,0,2,0,0,0,12,0,0,0,5,0,1,0,29,0,5,0
NC,Asheville,142,25,0.176056338,64,0.450704225,89,0.626760563,20,0,0,0,8,0,5,0,2,0,0,0,0,0,2,0,2,0
MI,Kalamazoo,178,33,0.185393258,78,0.438202247,111,0.623595506,9,0,2,0,14,0,11,0,2,0,2,0,1,0,20,0,3,0
NC,New Bern,82,12,0.146341463,39,0.475609756,51,0.62195122,6,0,0,0,9,0,4,0,0,0,1,0,2,0,1,0,0,0
MI,Jackson,129,16,0.124031008,64,0.496124031,80,0.620155039,6,0,1,0,6,0,6,0,0,0,1,0,2,0,2,0,2,0
OH,Canton,212,49,0.231132075,82,0.386792453,131,0.617924528,17,0,3,0,6,0,11,0,3,0,2,0,8,0,22,0,4,0
VA,Chesterfield,102,23,0.225490196,40,0.392156863,63,0.617647059,22,0,1,0,6,0,9,0,2,0,0,0,4,0,0,0,3,0
TX,Bryan,68,19,0.279411765,23,0.338235294,42,0.617647059,11,0,0,0,4,0,4,0,3,0,0,0,1,0,2,0,4,0
SC,Summerville,128,33,0.2578125,46,0.359375,79,0.6171875,11,0,0,0,8,0,7,0,0,0,0,0,1,0,1,0,3,0
MS,Gulfport,172,41,0.238372093,65,0.377906977,106,0.61627907,18,0,1,0,5,0,4,0,0,0,0,0,1,0,3,0,3,0
OH,Dayton,1016,137,0.13484252,489,0.481299213,626,0.616141732,161,0,3,0,48,0,52,0,2,0,4,0,24,0,29,0,3,0
MO,Saint Joseph,65,17,0.261538462,23,0.353846154,40,0.615384615,1,0,0,0,4,0,4,0,0,0,0,0,0,0,0,0,0,0
SC,Conway,130,21,0.161538462,59,0.453846154,80,0.615384615,15,0,0,0,11,0,7,0,1,0,0,0,0,0,9,0,3,0
FL,Hollywood,65,15,0.230769231,25,0.384615385,40,0.615384615,9,0,0,0,3,0,2,0,0,0,0,0,0,0,5,0,4,0
TX,Killeen,282,75,0.265957447,98,0.34751773,173,0.613475177,20,0,6,0,8,0,15,0,0,0,1,0,0,0,3,0,13,0
TX,Austin,530,129,0.243396226,196,0.369811321,325,0.613207547,43,0,2,0,20,0,20,0,13,0,5,0,3,0,7,0,16,0
GA,Columbus,816,110,0.134803922,387,0.474264706,497,0.609068627,121,0,5,0,71,0,26,0,3,0,4,0,1,0,16,0,5,0
NJ,Atlantic City,243,29,0.119341564,118,0.485596708,147,0.604938272,11,0,3,0,2,0,5,0,0,0,0,0,0,0,25,0,0,0
CT,Hartford,588,86,0.146258503,267,0.454081633,353,0.600340136,23,0,11,0,12,0,13,0,2,0,4,0,1,0,99,0,3,0
FL,Fort Pierce,236,43,0.18220339,98,0.415254237,141,0.597457627,13,0,6,0,7,0,4,0,3,0,0,0,2,0,24,0,2,0
IL,Aurora,191,29,0.151832461,85,0.445026178,114,0.596858639,11,0,24,0,2,0,9,0,1,0,0,0,11,0,10,0,2,0
TN,Jackson,342,48,0.140350877,156,0.456140351,204,0.596491228,21,0,7,0,18,0,26,0,2,0,2,0,9,0,10,0,5,0
LA,Bossier City,89,19,0.213483146,34,0.382022472,53,0.595505618,13,0,1,0,5,0,2,0,0,0,0,0,1,0,1,0,4,0
NM,Roswell,86,28,0.325581395,23,0.26744186,51,0.593023256,3,0,0,0,3,0,4,0,0,0,2,0,0,0,6,0,2,0
KS,Wichita,791,130,0.164348925,339,0.428571429,469,0.592920354,76,0,27,0,53,0,32,0,7,0,4,0,3,0,8,0,11,0
NY,Newburgh,120,15,0.125,56,0.466666667,71,0.591666667,4,0,1,0,4,0,0,0,0,0,3,0,2,0,20,0,2,0
GA,Valdosta,166,24,0.144578313,74,0.445783133,98,0.590361446,20,0,0,0,16,0,10,0,1,0,1,0,0,0,11,0,1,0
NJ,Bridgeton,100,20,0.2,39,0.39,59,0.59,7,0,0,0,4,0,0,0,0,0,1,0,0,0,1,0,1,0
VA,Woodbridge,78,10,0.128205128,36,0.461538462,46,0.58974359,6,0,0,0,1,0,4,0,1,0,0,0,3,0,0,0,2,0
FL,Crestview,51,7,0.137254902,23,0.450980392,30,0.588235294,0,0,0,0,1,0,7,0,0,0,0,0,0,0,3,0,2,0
TX,San Angelo,75,22,0.293333333,22,0.293333333,44,0.586666667,2,0,1,0,1,0,2,0,1,0,0,0,1,0,12,0,2,0
CA,Santa Rosa,77,12,0.155844156,33,0.428571429,45,0.584415584,6,0,16,0,5,0,2,0,2,0,0,0,2,0,4,0,3,0
CA,Concord,60,12,0.2,23,0.383333333,35,0.583333333,3,0,3,0,3,0,0,0,2,0,0,0,0,0,2,0,0,0
#N/A,Washington,3189,445,0.139542176,1411,0.442458451,1856,0.582000627,451,0,1,0,8,0,8,0,3,0,25,0,3,0,5,0,7,0
MO,Cape Girardeau,143,24,0.167832168,59,0.412587413,83,0.58041958,8,0,0,0,8,0,6,0,1,0,0,0,1,0,6,0,2,0
LA,Thibodaux,57,13,0.228070175,20,0.350877193,33,0.578947368,0,0,0,0,0,0,1,0,0,0,0,0,0,0,2,0,2,0
IA,Burlington,57,11,0.192982456,22,0.385964912,33,0.578947368,2,0,0,0,1,0,3,0,0,0,0,0,0,0,7,0,0,0
FL,Vero Beach,83,19,0.228915663,29,0.34939759,48,0.578313253,4,0,0,0,6,0,4,0,2,0,0,0,1,0,10,0,3,0
LA,Slidell,71,14,0.197183099,27,0.38028169,41,0.577464789,7,0,1,0,4,0,5,0,0,0,1,0,0,0,9,0,2,0
WI,Beloit,97,16,0.164948454,40,0.412371134,56,0.577319588,3,0,3,0,3,0,3,0,1,0,0,0,2,0,5,0,1,0
FL,Fort Walton Beach,78,14,0.179487179,31,0.397435897,45,0.576923077,3,0,0,0,5,0,8,0,0,0,1,0,0,0,10,0,4,0
CO,Greeley,66,14,0.212121212,24,0.363636364,38,0.575757576,3,0,5,0,4,0,3,0,2,0,0,0,0,0,2,0,2,0
TX,Wichita Falls,94,25,0.265957447,29,0.308510638,54,0.574468085,4,0,1,0,4,0,6,0,3,0,0,0,0,0,6,0,2,0
CA,Coachella,54,11,0.203703704,20,0.37037037,31,0.574074074,3,0,5,0,0,0,0,0,1,0,2,0,0,0,1,0,1,0
NY,Schenectady,110,18,0.163636364,45,0.409090909,63,0.572727273,2,0,0,0,2,0,6,0,0,0,0,0,0,0,9,0,0,0
OH,Middletown,105,14,0.133333333,46,0.438095238,60,0.571428571,8,0,4,0,8,0,12,0,0,0,1,0,1,0,4,0,0,0
KY,Lexington,852,81,0.095070423,405,0.475352113,486,0.570422535,139,0,1,0,50,0,22,0,5,0,3,0,12,0,3,0,3,0
NC,Goldsboro,232,43,0.185344828,89,0.38362069,132,0.568965517,16,0,3,0,16,0,4,0,0,0,0,0,1,0,14,0,0,0
TX,Tyler,120,25,0.208333333,43,0.358333333,68,0.566666667,23,0,1,0,5,0,8,0,0,0,1,0,0,0,0,0,2,0
IL,Elgin,62,7,0.112903226,28,0.451612903,35,0.564516129,4,0,4,0,3,0,1,0,2,0,1,0,5,0,2,0,1,0
MN,Saint Paul,404,68,0.168316832,159,0.393564356,227,0.561881188,26,0,12,0,13,0,13,0,2,0,1,0,1,0,2,0,2,0
VA,Henrico,89,17,0.191011236,33,0.370786517,50,0.561797753,18,0,0,0,4,0,4,0,2,0,0,0,2,0,0,0,2,0
AR,Fort Smith,91,19,0.208791209,32,0.351648352,51,0.56043956,10,0,0,0,7,0,6,0,1,0,0,0,0,0,1,0,3,0
FL,Melbourne,91,9,0.098901099,42,0.461538462,51,0.56043956,2,0,0,0,6,0,7,0,0,0,0,0,0,0,7,0,3,0
CT,Norwalk,75,8,0.106666667,34,0.453333333,42,0.56,2,0,0,0,1,0,1,0,1,0,0,0,0,0,10,0,3,0
WV,Morgantown,59,10,0.169491525,23,0.389830508,33,0.559322034,9,0,0,0,10,0,7,0,0,0,0,0,0,0,4,0,2,0
NC,Wilmington,447,55,0.123042506,195,0.436241611,250,0.559284116,66,0,11,0,30,0,8,0,1,0,2,0,6,0,4,0,4,0
WA,Seattle,732,107,0.146174863,302,0.412568306,409,0.558743169,43,0,67,0,26,0,18,0,7,0,4,0,11,0,22,0,7,0
IL,Rockford,842,77,0.091448931,392,0.465558195,469,0.557007126,72,0,32,0,89,0,17,0,1,0,7,0,35,0,44,0,4,0
CA,Ventura,56,8,0.142857143,23,0.410714286,31,0.553571429,0,0,3,0,2,0,4,0,0,0,0,0,0,0,3,0,2,0
CA,Watsonville,64,11,0.171875,24,0.375,35,0.546875,1,0,16,0,0,0,1,0,1,0,0,0,0,0,5,0,0,0
FL,Delray Beach,86,23,0.26744186,24,0.279069767,47,0.546511628,5,0,0,0,1,0,2,0,3,0,0,0,1,0,8,0,1,0
CA,Merced,130,29,0.223076923,42,0.323076923,71,0.546153846,3,0,47,0,2,0,2,0,0,0,0,0,0,0,6,0,2,0
IN,Richmond,88,10,0.113636364,38,0.431818182,48,0.545454545,9,0,0,0,7,0,4,0,0,0,1,0,2,0,7,0,0,0
PA,Wilkes Barre,110,14,0.127272727,46,0.418181818,60,0.545454545,7,0,1,0,8,0,10,0,0,0,0,0,2,0,8,0,2,0
CO,Colorado Springs,763,122,0.159895151,294,0.385321101,416,0.545216252,55,0,5,0,46,0,31,0,11,0,3,0,2,0,21,0,25,0
TX,Abilene,134,25,0.186567164,48,0.358208955,73,0.544776119,1,0,2,0,3,0,10,0,2,0,0,0,2,0,0,0,1,0
KY,Bowling Green,79,11,0.139240506,32,0.405063291,43,0.544303797,6,0,0,0,6,0,10,0,1,0,1,0,0,0,2,0,1,0
OH,Sandusky,70,7,0.1,31,0.442857143,38,0.542857143,1,0,2,0,4,0,4,0,0,0,1,0,1,0,5,0,1,0
SC,Myrtle Beach,342,48,0.140350877,137,0.400584795,185,0.540935673,41,0,5,0,16,0,15,0,3,0,3,0,0,0,18,0,7,0
MO,Springfield,333,63,0.189189189,117,0.351351351,180,0.540540541,32,0,0,0,24,0,21,0,6,0,1,0,0,0,14,0,10,0
IA,Des Moines,526,55,0.104562738,229,0.435361217,284,0.539923954,57,0,23,0,26,0,12,0,5,0,3,0,7,0,7,0,2,0
FL,Sarasota,130,28,0.215384615,42,0.323076923,70,0.538461538,14,0,0,0,13,0,4,0,5,0,1,0,0,0,13,0,3,0
CA,Ontario,54,21,0.388888889,8,0.148148148,29,0.537037037,0,0,1,0,4,0,0,0,2,0,0,0,1,0,0,0,3,0
CA,Oxnard,245,31,0.126530612,100,0.408163265,131,0.534693878,3,0,41,0,1,0,1,0,0,0,0,0,1,0,1,0,0,0
OH,Youngstown,304,61,0.200657895,101,0.332236842,162,0.532894737,21,0,2,0,9,0,11,0,2,0,1,0,3,0,43,0,1,0
WY,Cheyenne,66,18,0.272727273,17,0.257575758,35,0.53030303,4,0,0,0,3,0,5,0,1,0,0,0,1,0,6,0,5,0
KY,Owensboro,66,10,0.151515152,25,0.378787879,35,0.53030303,5,0,0,0,6,0,4,0,1,0,0,0,2,0,1,0,3,0
SC,Orangeburg,187,22,0.117647059,77,0.411764706,99,0.529411765,15,0,0,0,14,0,4,0,2,0,1,0,0,0,3,0,1,0
CA,Berkeley,72,6,0.083333333,32,0.444444444,38,0.527777778,12,0,0,0,1,0,0,0,1,0,0,0,1,0,3,0,0,0
TN,Kingsport,61,7,0.114754098,25,0.409836066,32,0.524590164,4,0,0,0,9,0,6,0,4,0,0,0,2,0,1,0,1,0
RI,Providence,589,43,0.073005093,264,0.448217317,307,0.521222411,29,0,49,0,29,0,11,0,3,0,3,0,2,0,52,0,5,0
TN,Murfreesboro,167,22,0.131736527,65,0.389221557,87,0.520958084,15,0,0,0,5,0,8,0,5,0,1,0,0,0,2,0,4,0
SC,York,56,7,0.125,22,0.392857143,29,0.517857143,11,0,0,0,5,0,3,0,0,0,1,0,0,0,3,0,0,0
FL,Boynton Beach,199,38,0.190954774,65,0.326633166,103,0.51758794,17,0,0,0,5,0,8,0,4,0,1,0,1,0,12,0,4,0
NY,Elmira,62,7,0.112903226,25,0.403225806,32,0.516129032,0,0,0,0,1,0,2,0,0,0,1,0,0,0,13,0,0,0
IL,Alton,66,9,0.136363636,25,0.378787879,34,0.515151515,9,0,0,0,6,0,3,0,1,0,1,0,1,0,5,0,2,0
NC,Greenville,266,23,0.086466165,114,0.428571429,137,0.515037594,31,0,7,0,17,0,9,0,1,0,1,0,1,0,6,0,3,0
NJ,Willingboro,70,8,0.114285714,28,0.4,36,0.514285714,1,0,0,0,2,0,0,0,0,0,2,0,0,0,8,0,1,0
LA,Opelousas,80,23,0.2875,18,0.225,41,0.5125,4,0,0,0,0,0,3,0,0,0,0,0,0,0,4,0,3,0
MI,Battle Creek,175,20,0.114285714,69,0.394285714,89,0.508571429,6,0,3,0,11,0,16,0,2,0,0,0,2,0,11,0,3,0
NV,Sparks,73,12,0.164383562,25,0.342465753,37,0.506849315,13,0,0,0,4,0,3,0,2,0,0,0,1,0,0,0,3,0
TX,Amarillo,315,44,0.13968254,115,0.365079365,159,0.504761905,34,0,0,0,17,0,17,0,4,0,1,0,1,0,12,0,6,0
IL,Champaign,213,26,0.122065728,81,0.38028169,107,0.502347418,22,0,2,0,11,0,6,0,0,0,2,0,6,0,12,0,3,0
AR,Fayetteville,54,6,0.111111111,21,0.388888889,27,0.5,4,0,0,0,2,0,2,0,1,0,0,0,0,0,1,0,2,0
CA,Santa Cruz,52,10,0.192307692,16,0.307692308,26,0.5,2,0,11,0,2,0,1,0,1,0,0,0,1,0,3,0,2,0
TX,Irving,70,28,0.4,7,0.1,35,0.5,5,0,0,0,1,0,6,0,0,0,0,0,0,0,0,0,5,0
IL,Springfield,303,38,0.125412541,113,0.372937294,151,0.498349835,37,0,2,0,17,0,13,0,1,0,0,0,21,0,10,0,2,0
IN,Evansville,332,41,0.123493976,124,0.373493976,165,0.496987952,15,0,13,0,17,0,20,0,5,0,4,0,17,0,14,0,3,0
IA,Sioux City,87,8,0.091954023,35,0.402298851,43,0.494252874,5,0,1,0,7,0,5,0,0,0,0,0,1,0,5,0,3,0
PA,Lebanon,75,12,0.16,25,0.333333333,37,0.493333333,6,0,0,0,6,0,6,0,0,0,0,0,0,0,4,0,2,0
PA,Bethlehem,61,6,0.098360656,24,0.393442623,30,0.491803279,6,0,4,0,5,0,11,0,1,0,0,0,2,0,5,0,2,0
NC,Burlington,190,16,0.084210526,77,0.405263158,93,0.489473684,19,0,0,0,25,0,4,0,2,0,0,0,1,0,3,0,0,0
NY,Troy,90,5,0.055555556,39,0.433333333,44,0.488888889,6,0,1,0,1,0,2,0,0,0,1,0,1,0,11,0,0,0
SC,North Augusta,60,13,0.216666667,16,0.266666667,29,0.483333333,3,0,0,0,2,0,7,0,1,0,0,0,0,0,1,0,3,0
NY,Binghamton,60,10,0.166666667,19,0.316666667,29,0.483333333,6,0,0,0,2,0,0,0,0,0,0,0,0,0,7,0,0,0
MD,Hagerstown,71,11,0.154929577,23,0.323943662,34,0.478873239,7,0,2,0,3,0,2,0,0,0,0,0,0,0,3,0,1,0
SC,Saint Helena Island,59,1,0.016949153,27,0.457627119,28,0.474576271,1,0,0,0,5,0,2,0,0,0,0,0,1,0,2,0,0,0
VA,Charlottesville,76,13,0.171052632,23,0.302631579,36,0.473684211,4,0,0,0,3,0,6,0,3,0,0,0,3,0,1,0,3,0
PA,Lancaster,276,30,0.108695652,100,0.362318841,130,0.471014493,25,0,0,0,7,0,10,0,1,0,0,0,0,0,19,0,3,0
MO,Joplin,111,24,0.216216216,28,0.252252252,52,0.468468468,3,0,0,0,11,0,8,0,1,0,1,0,0,0,12,0,13,0
GA,Lagrange,208,17,0.081730769,80,0.384615385,97,0.466346154,18,0,11,0,15,0,4,0,1,0,2,0,1,0,6,0,2,0
KY,Henderson,58,8,0.137931034,19,0.327586207,27,0.465517241,0,0,0,0,5,0,5,0,0,0,0,0,2,0,3,0,1,0
NY,Staten Island,411,43,0.104622871,148,0.360097324,191,0.464720195,28,0,18,0,18,0,21,0,2,0,0,0,4,0,43,0,10,0
SD,Rapid City,80,16,0.2,21,0.2625,37,0.4625,2,0,0,0,3,0,2,0,1,0,0,0,1,0,8,0,3,0
MI,Ypsilanti,167,20,0.119760479,57,0.341317365,77,0.461077844,22,0,2,0,12,0,4,0,1,0,0,0,5,0,1,0,1,0
TX,Corpus Christi,584,79,0.135273973,190,0.325342466,269,0.460616438,68,0,4,0,30,0,21,0,5,0,1,0,2,0,24,0,10,0
IA,Cedar Rapids,239,27,0.112970711,83,0.347280335,110,0.460251046,19,0,4,0,8,0,6,0,0,0,0,0,0,0,8,0,5,0
IL,Carbondale,81,6,0.074074074,31,0.382716049,37,0.456790123,13,0,0,0,6,0,1,0,0,0,0,0,0,0,1,0,0,0
NC,Winston-Salem,110,14,0.127272727,36,0.327272727,50,0.454545455,48,0,0,0,15,0,1,0,0,0,0,0,1,0,0,0,0,0
TN,Johnson City,97,21,0.216494845,23,0.237113402,44,0.453608247,5,0,0,0,6,0,9,0,1,0,0,0,1,0,8,0,4,0
MN,Saint Cloud,56,6,0.107142857,19,0.339285714,25,0.446428571,4,0,0,0,0,0,1,0,2,0,0,0,0,0,6,0,1,0
RI,Pawtucket,74,7,0.094594595,26,0.351351351,33,0.445945946,7,0,1,0,4,0,3,0,0,0,0,0,0,0,13,0,1,0
UT,Salt Lake City,309,41,0.132686084,96,0.310679612,137,0.443365696,22,0,22,0,9,0,13,0,6,0,1,0,1,0,5,0,3,0
OR,Eugene,79,15,0.189873418,20,0.253164557,35,0.443037975,4,0,0,0,7,0,7,0,1,0,0,0,1,0,4,0,4,0
IL,Kankakee,186,18,0.096774194,64,0.344086022,82,0.440860215,4,0,8,0,2,0,2,0,0,0,2,0,12,0,4,0,1,0
OR,Portland,941,100,0.106269926,313,0.332624867,413,0.438894793,57,0,270,0,16,0,32,0,5,0,3,0,12,0,25,0,16,0
MA,Boston,1734,175,0.100922722,586,0.337946943,761,0.438869666,53,0,51,0,18,0,6,0,9,0,6,0,8,0,185,0,3,0
SC,Aiken,244,25,0.102459016,82,0.336065574,107,0.43852459,22,0,1,0,14,0,15,0,1,0,0,0,0,0,6,0,2,0
IA,Council Bluffs,76,6,0.078947368,27,0.355263158,33,0.434210526,12,0,0,0,13,0,3,0,1,0,0,0,0,0,2,0,1,0
IA,Dubuque,60,3,0.05,23,0.383333333,26,0.433333333,3,0,0,0,1,0,2,0,0,0,0,0,0,0,4,0,0,0
WA,Vancouver,183,28,0.153005464,51,0.278688525,79,0.431693989,16,0,8,0,13,0,15,0,4,0,0,0,0,0,15,0,7,0
TX,Laredo,160,25,0.15625,44,0.275,69,0.43125,14,0,1,0,2,0,8,0,0,0,1,0,0,0,2,0,3,0
IL,Evanston,84,8,0.095238095,28,0.333333333,36,0.428571429,5,0,5,0,0,0,1,0,0,0,1,0,9,0,10,0,0,0
SC,Beaufort,147,16,0.108843537,47,0.319727891,63,0.428571429,23,0,0,0,10,0,6,0,1,0,0,0,0,0,1,0,1,0
TX,Lufkin,70,12,0.171428571,18,0.257142857,30,0.428571429,6,0,1,0,3,0,8,0,1,0,0,0,0,0,3,0,0,0
FL,Boca Raton,68,11,0.161764706,18,0.264705882,29,0.426470588,4,0,0,0,3,0,2,0,2,0,0,0,0,0,8,0,4,0
WA,Kennewick,54,14,0.259259259,9,0.166666667,23,0.425925926,4,0,1,0,4,0,7,0,2,0,0,0,1,0,1,0,4,0
MA,Holyoke,127,11,0.086614173,43,0.338582677,54,0.42519685,5,0,5,0,5,0,1,0,0,0,0,0,0,0,18,0,1,0
MO,Jefferson City,92,11,0.119565217,28,0.304347826,39,0.423913043,0,0,0,0,3,0,3,0,1,0,0,0,0,0,12,0,1,0
FL,Cape Coral,116,17,0.146551724,32,0.275862069,49,0.422413793,11,0,1,0,9,0,9,0,6,0,1,0,1,0,15,0,3,0
MD,Frederick,64,4,0.0625,23,0.359375,27,0.421875,3,0,1,0,4,0,1,0,0,0,0,0,0,0,7,0,1,0
CT,Hamden,95,5,0.052631579,35,0.368421053,40,0.421052632,15,0,1,0,5,0,2,0,2,0,1,0,1,0,8,0,0,0
NY,Utica,183,13,0.071038251,64,0.349726776,77,0.420765027,4,0,0,0,4,0,7,0,0,0,1,0,0,0,21,0,1,0
FL,Gainesville,199,23,0.115577889,60,0.301507538,83,0.417085427,19,0,4,0,16,0,20,0,7,0,1,0,3,0,21,0,5,0
NY,Poughkeepsie,120,11,0.091666667,39,0.325,50,0.416666667,10,0,2,0,1,0,1,0,0,0,0,0,1,0,25,0,1,0
MD,Annapolis,178,20,0.112359551,54,0.303370787,74,0.415730337,15,0,0,0,4,0,1,0,1,0,0,0,0,0,6,0,1,0
NY,Niagara Falls,182,11,0.06043956,64,0.351648352,75,0.412087912,16,0,1,0,6,0,3,0,0,0,0,0,1,0,21,0,0,0
DE,Dover,277,22,0.079422383,92,0.332129964,114,0.411552347,29,0,5,0,21,0,2,0,1,0,0,0,1,0,41,0,0,0
ID,Nampa,54,13,0.240740741,9,0.166666667,22,0.407407407,2,0,6,0,4,0,6,0,0,0,0,0,0,0,8,0,2,0
AR,Jonesboro,251,27,0.107569721,74,0.294820717,101,0.402390438,20,0,0,0,21,0,3,0,0,0,2,0,0,0,3,0,3,0
FL,Panama City,117,21,0.179487179,26,0.222222222,47,0.401709402,10,0,1,0,5,0,5,0,0,0,0,0,0,0,13,0,1,0
CA,Chico,122,7,0.057377049,42,0.344262295,49,0.401639344,13,0,7,0,0,0,2,0,2,0,0,0,0,0,3,0,2,0
OK,Enid,60,6,0.1,18,0.3,24,0.4,2,0,0,0,4,0,3,0,0,0,0,0,1,0,7,0,0,0
LA,Kenner,123,16,0.130081301,33,0.268292683,49,0.398373984,6,0,0,0,1,0,2,0,1,0,0,0,2,0,1,0,0,0
WI,Green Bay,63,12,0.19047619,13,0.206349206,25,0.396825397,6,0,0,0,2,0,3,0,1,0,0,0,0,0,2,0,1,0
WI,Racine,186,17,0.091397849,56,0.301075269,73,0.392473118,38,0,5,0,2,0,8,0,1,0,0,0,6,0,9,0,1,0
IL,Belleville,69,8,0.115942029,19,0.275362319,27,0.391304348,8,0,0,0,7,0,1,0,0,0,0,0,5,0,2,0,1,0
IA,Davenport,317,29,0.09148265,95,0.299684543,124,0.391167192,8,0,4,0,6,0,7,0,1,0,1,0,2,0,20,0,2,0
IL,Freeport,64,3,0.046875,22,0.34375,25,0.390625,0,0,6,0,1,0,3,0,0,0,0,0,3,0,3,0,0,0
FL,Port Saint Lucie,72,10,0.138888889,18,0.25,28,0.388888889,6,0,0,0,4,0,6,0,2,0,0,0,3,0,14,0,3,0
MA,Worcester,381,16,0.041994751,132,0.346456693,148,0.388451444,29,0,28,0,53,0,6,0,2,0,0,0,1,0,59,0,0,0
CO,Pueblo,352,46,0.130681818,90,0.255681818,136,0.386363636,12,0,30,0,13,0,11,0,1,0,0,0,1,0,18,0,6,0
MA,Springfield,798,48,0.060150376,259,0.324561404,307,0.384711779,76,0,27,0,42,0,15,0,3,0,1,0,3,0,96,0,1,0
ME,Portland,52,6,0.115384615,14,0.269230769,20,0.384615385,7,0,0,0,3,0,3,0,0,0,0,0,0,0,3,0,0,0
PA,Hazleton,112,8,0.071428571,35,0.3125,43,0.383928571,10,0,0,0,3,0,2,0,0,0,0,0,0,0,2,0,1,0
NH,Nashua,63,5,0.079365079,19,0.301587302,24,0.380952381,2,0,1,0,2,0,5,0,5,0,0,0,1,0,3,0,4,0
IL,Bloomington,56,3,0.053571429,18,0.321428571,21,0.375,1,0,0,0,6,0,3,0,0,0,0,0,2,0,7,0,1,0
MT,Billings,131,19,0.145038168,30,0.229007634,49,0.374045802,4,0,0,0,6,0,9,0,4,0,0,0,2,0,3,0,5,0
FL,Naples,113,24,0.212389381,18,0.159292035,42,0.371681416,11,0,0,0,14,0,9,0,6,0,0,0,2,0,4,0,8,0
SC,Rock Hill,338,33,0.097633136,90,0.266272189,123,0.363905325,29,0,4,0,21,0,23,0,6,0,0,0,3,0,10,0,2,0
IL,Quincy,66,5,0.075757576,19,0.287878788,24,0.363636364,3,0,1,0,3,0,4,0,0,0,0,0,4,0,13,0,0,0
PA,Easton,77,9,0.116883117,19,0.246753247,28,0.363636364,6,0,1,0,2,0,1,0,1,0,0,0,1,0,4,0,1,0
WA,Spokane,362,41,0.113259669,90,0.248618785,131,0.361878453,29,0,3,0,22,0,26,0,3,0,0,0,3,0,17,0,4,0
IL,Peoria,920,40,0.043478261,291,0.316304348,331,0.359782609,72,0,18,0,43,0,15,0,0,0,1,0,22,0,14,0,1,0
OH,Elyria,106,11,0.103773585,27,0.254716981,38,0.358490566,22,0,1,0,13,0,6,0,1,0,0,0,2,0,6,0,2,0
DE,Newark,95,9,0.094736842,25,0.263157895,34,0.357894737,21,0,0,0,7,0,0,0,1,0,0,0,0,0,8,0,0,0
FL,Palm Coast,73,11,0.150684932,15,0.205479452,26,0.356164384,2,0,0,0,7,0,6,0,1,0,0,0,2,0,5,0,8,0
MN,Duluth,65,5,0.076923077,18,0.276923077,23,0.353846154,7,0,0,0,2,0,0,0,0,0,0,0,0,0,12,0,1,0
FL,Stuart,51,5,0.098039216,13,0.254901961,18,0.352941176,1,0,0,0,0,0,3,0,3,0,0,0,0,0,5,0,2,0
IN,Lafayette,156,14,0.08974359,40,0.256410256,54,0.346153846,12,0,0,0,15,0,13,0,0,0,0,0,5,0,11,0,2,0
MO,Columbia,496,26,0.052419355,143,0.288306452,169,0.340725806,30,0,2,0,54,0,22,0,3,0,1,0,0,0,27,0,2,0
MT,Missoula,62,12,0.193548387,9,0.14516129,21,0.338709677,3,0,0,0,1,0,3,0,1,0,0,0,0,0,1,0,4,0
IL,Urbana,95,7,0.073684211,25,0.263157895,32,0.336842105,13,0,0,0,5,0,8,0,0,0,0,0,2,0,8,0,2,0
ID,Boise,110,23,0.209090909,14,0.127272727,37,0.336363636,5,0,2,0,8,0,6,0,4,0,0,0,1,0,12,0,6,0
TN,Greeneville,54,7,0.12962963,11,0.203703704,18,0.333333333,0,0,0,0,1,0,4,0,1,0,0,0,3,0,7,0,1,0
ND,Minot,87,2,0.022988506,27,0.310344828,29,0.333333333,2,0,1,0,5,0,3,0,0,0,0,0,0,0,5,0,0,0
MI,Ann Arbor,54,6,0.111111111,12,0.222222222,18,0.333333333,8,0,0,0,5,0,2,0,5,0,0,0,0,0,0,0,1,0
MA,Chicopee,58,4,0.068965517,15,0.25862069,19,0.327586207,5,0,3,0,5,0,2,0,1,0,0,0,1,0,4,0,1,0
MT,Butte,71,8,0.112676056,15,0.211267606,23,0.323943662,2,0,0,0,2,0,5,0,1,0,0,0,0,0,1,0,4,0
TX,College Station,68,5,0.073529412,17,0.25,22,0.323529412,6,0,0,0,4,0,3,0,4,0,0,0,0,0,2,0,0,0
MA,Lowell,158,7,0.044303797,44,0.278481013,51,0.32278481,9,0,4,0,8,0,5,0,2,0,1,0,0,0,24,0,1,0
AK,Fairbanks,217,36,0.165898618,32,0.147465438,68,0.313364055,13,0,1,0,12,0,23,0,2,0,0,0,1,0,14,0,10,0
PA,Scranton,52,5,0.096153846,11,0.211538462,16,0.307692308,10,0,1,0,1,0,5,0,0,0,0,0,0,0,4,0,3,0
SC,Hilton Head Island,72,7,0.097222222,15,0.208333333,22,0.305555556,7,0,0,0,1,0,1,0,1,0,0,0,0,0,8,0,0,0
MA,Fall River,135,6,0.044444444,35,0.259259259,41,0.303703704,9,0,2,0,10,0,0,0,1,0,0,0,0,0,14,0,0,0
MD,Glen Burnie,93,8,0.086021505,20,0.215053763,28,0.301075269,26,0,0,0,4,0,2,0,0,0,0,0,0,0,11,0,2,0
ND,Williston,57,6,0.105263158,11,0.192982456,17,0.298245614,1,0,0,0,2,0,2,0,0,0,0,0,0,0,12,0,2,0
MA,New Bedford,241,19,0.078838174,50,0.20746888,69,0.286307054,7,0,5,0,6,0,1,0,0,0,1,0,0,0,44,0,1,0
PA,Carlisle,63,4,0.063492063,14,0.222222222,18,0.285714286,3,0,0,0,3,0,3,0,2,0,0,0,1,0,1,0,1,0
KS,Salina,91,6,0.065934066,20,0.21978022,26,0.285714286,4,0,0,0,3,0,5,0,2,0,0,0,0,0,3,0,3,0
TX,Paris,84,11,0.130952381,13,0.154761905,24,0.285714286,2,0,0,0,2,0,2,0,0,0,1,0,0,0,2,0,1,0
MA,Brockton,432,17,0.039351852,105,0.243055556,122,0.282407407,16,0,10,0,15,0,10,0,4,0,1,0,2,0,53,0,0,0
AK,Wasilla,114,16,0.140350877,16,0.140350877,32,0.280701754,3,0,0,0,9,0,7,0,1,0,0,0,1,0,7,0,4,0
MI,Bay City,57,6,0.105263158,10,0.175438596,16,0.280701754,3,0,0,0,8,0,7,0,1,0,0,0,1,0,4,0,2,0
GA,Rome,226,22,0.097345133,41,0.181415929,63,0.278761062,22,0,1,0,8,0,5,0,0,0,1,0,1,0,27,0,2,0
CT,Stamford,207,7,0.033816425,50,0.241545894,57,0.275362319,3,0,8,0,3,0,3,0,5,0,1,0,1,0,29,0,5,0
MA,Fitchburg,66,3,0.045454545,15,0.227272727,18,0.272727273,3,0,0,0,11,0,3,0,0,0,0,0,0,0,13,0,1,0
CT,New London,77,3,0.038961039,18,0.233766234,21,0.272727273,3,0,2,0,4,0,2,0,0,0,0,0,1,0,18,0,0,0
ND,Bismarck,96,9,0.09375,17,0.177083333,26,0.270833333,2,0,0,0,4,0,5,0,0,0,0,0,0,0,3,0,3,0
CA,Eureka,144,14,0.097222222,25,0.173611111,39,0.270833333,2,0,1,0,7,0,3,0,1,0,0,0,0,0,9,0,1,0
NY,Jamestown,63,4,0.063492063,13,0.206349206,17,0.26984127,2,0,0,0,4,0,3,0,0,0,0,0,0,0,15,0,0,0
IA,Iowa City,67,3,0.044776119,15,0.223880597,18,0.268656716,7,0,0,0,5,0,1,0,1,0,0,0,0,0,6,0,0,0
KY,Hopkinsville,120,9,0.075,23,0.191666667,32,0.266666667,3,0,0,0,5,0,4,0,1,0,0,0,1,0,4,0,0,0
GA,Statesboro,154,15,0.097402597,26,0.168831169,41,0.266233766,10,0,3,0,8,0,3,0,0,0,0,0,0,0,8,0,4,0
WI,Madison,611,32,0.052373159,126,0.206219313,158,0.258592471,63,0,11,0,28,0,12,0,16,0,0,0,9,0,26,0,6,0
IA,Waterloo,483,17,0.035196687,107,0.221532091,124,0.256728778,22,0,4,0,20,0,6,0,2,0,0,0,6,0,27,0,1,0
VA,Arlington,63,10,0.158730159,6,0.095238095,16,0.253968254,12,0,0,0,2,0,2,0,2,0,0,0,0,0,0,0,4,0
SC,Bluffton,75,4,0.053333333,15,0.2,19,0.253333333,8,0,0,0,3,0,6,0,2,0,0,0,0,0,8,0,0,0
GA,Athens,368,21,0.057065217,72,0.195652174,93,0.252717391,19,0,18,0,31,0,14,0,11,0,1,0,2,0,18,0,2,0
NH,Manchester,263,11,0.041825095,53,0.201520913,64,0.243346008,27,0,5,0,13,0,4,0,7,0,0,0,0,0,34,0,2,0
KY,Paducah,73,2,0.02739726,15,0.205479452,17,0.232876712,5,0,0,0,3,0,1,0,0,0,0,0,2,0,12,0,0,0
MA,Framingham,53,2,0.037735849,10,0.188679245,12,0.226415094,7,0,0,0,2,0,5,0,0,0,0,0,0,0,11,0,1,0
NE,Lincoln,468,27,0.057692308,78,0.166666667,105,0.224358974,46,0,2,0,37,0,16,0,6,0,0,0,1,0,30,0,7,0
MA,Revere,68,3,0.044117647,12,0.176470588,15,0.220588235,1,0,1,0,0,0,0,0,1,0,0,0,0,0,6,0,0,0
MA,Pittsfield,160,8,0.05,27,0.16875,35,0.21875,4,0,3,0,5,0,4,0,0,0,1,0,0,0,23,0,1,0
OR,Medford,129,15,0.11627907,13,0.100775194,28,0.217054264,2,0,7,0,11,0,5,0,0,0,0,0,0,0,15,0,4,0
MA,Lynn,274,15,0.054744526,43,0.156934307,58,0.211678832,10,0,5,0,5,0,0,0,1,0,0,0,0,0,16,0,0,0
ID,Idaho Falls,57,6,0.105263158,6,0.105263158,12,0.210526316,1,0,0,0,1,0,8,0,0,0,0,0,0,0,2,0,1,0
MN,Rochester,173,8,0.046242775,28,0.161849711,36,0.208092486,13,0,2,0,12,0,4,0,2,0,0,0,4,0,11,0,3,0
NM,Santa Fe,116,10,0.086206897,14,0.120689655,24,0.206896552,6,0,1,0,4,0,1,0,4,0,0,0,1,0,1,0,1,0
CO,Grand Junction,172,15,0.087209302,20,0.11627907,35,0.203488372,2,0,2,0,3,0,7,0,6,0,0,0,2,0,26,0,2,0
SD,Sioux Falls,264,17,0.064393939,34,0.128787879,51,0.193181818,19,0,0,0,10,0,10,0,4,0,0,0,3,0,15,0,4,0
ND,Fargo,83,6,0.072289157,10,0.120481928,16,0.192771084,7,0,1,0,6,0,2,0,0,0,0,0,0,0,3,0,2,0
MT,Helena,53,9,0.169811321,1,0.018867925,10,0.188679245,0,0,0,0,2,0,8,0,3,0,0,0,0,0,1,0,1,0
AK,Juneau,97,5,0.051546392,9,0.092783505,14,0.144329897,0,0,0,0,2,0,2,0,0,0,0,0,1,0,1,0,3,0
WY,Casper,239,13,0.054393305,11,0.046025105,24,0.10041841,2,0,0,0,0,0,8,0,1,0,0,0,0,0,1,0,4,0
MN,Albert Lea,51,2,0.039215686,3,0.058823529,5,0.098039216,3,0,0,0,1,0,1,0,0,0,0,0,0,0,3,0,0,0
NH,Rochester,90,2,0.022222222,4,0.044444444,6,0.066666667,2,0,0,0,3,0,0,0,2,0,0,0,2,0,2,0,0,0
TX,Mansfield,122,4,0.032786885,4,0.032786885,8,0.06557377,1,0,0,0,1,0,0,0,1,0,0,0,0,0,0,0,2,0
NH,Portsmouth,51,3,0.058823529,0,0,3,0.058823529,2,0,0,0,1,0,2,0,1,0,0,0,0,0,6,0,3,0
CA,Red Bluff,103,1,0.009708738,5,0.048543689,6,0.058252427,1,0,1,0,1,0,3,0,0,0,0,0,0,0,2,0,0,0
TX,Dallas (Dfw Airport),56,0,0,0,0,0,0,0,0,0,0,0,0,0,0,0,0,0,0,0,0,0,0,0,0
